<?xml version="1.0" encoding="UTF-8"?>
<rss version="2.0" xmlns:atom="http://www.w3.org/2005/Atom">
    <channel>
        <title></title>
        <description>Intended as a documentation theme based on Jekyll for technical writers documenting software and other technical products, this theme has all the elements you would need to handle multiple products with both multi-level sidebar navigation, tags, and other documentation features.</description>
        <link>http://localhost:4000/</link>
        <atom:link href="http://localhost:4000/feed.xml" rel="self" type="application/rss+xml"/>
        <pubDate>Thu, 15 Oct 2020 11:58:02 +0200</pubDate>
        <lastBuildDate>Thu, 15 Oct 2020 11:58:02 +0200</lastBuildDate>
        <generator>Jekyll v4.1.1</generator>
        
    </channel>
</rss>
